name,email,code
Pankaj Mishra,pankaj.mishra@somaiya.edu,PPM
Sujata Pathak,sujatapathak@somaiya.edu,SPP
Deepshree Deogaonkar,deepshree.d@somaiya.edu,D_D
Suchitra Patil,suchitrapatil@somaiya.edu,SMP
Avani Sakhapara,avanisakhapara@somaiya.edu,AMS
Sonali Wankhede,sonali.w@somaiya.edu,SBW
Sunil Shelke,sunil.shelke@somaiya.edu,SSL
Poonam Narkhede,poonam.narkhede@somaiya.edu,P_N
Seema Redekar,seema.r@somaiya.edu,SSR
IT1,it1@somaiya.edu,IT1
IT2,it2@somaiya.edu,IT2