name,email,code
Dr. Anjali Sharma,anjali.sharma@somaiya.edu,ASH
Prof. Rajesh Kumar,rajesh.kumar@somaiya.edu,RKU
Dr. Meera Patel,meera.patel@somaiya.edu,MPT
Prof. Vikram Singh,vikram.singh@somaiya.edu,VSI
Dr. Priya Desai,priya.desai@somaiya.edu,PDS
Prof. Arjun Mehta,arjun.mehta@somaiya.edu,AME
Dr. Sneha Iyer,sneha.iyer@somaiya.edu,SIV
Prof. Karan Shah,karan.shah@somaiya.edu,KSG
Dr. Divya Nair,divya.nair@somaiya.edu,DNR
Prof. Rahul Joshi,rahul.joshi@somaiya.edu,RJO
Dr. Ananya Reddy,ananya.reddy@somaiya.edu,ARD
Prof. Sameer Malhotra,sameer.malhotra@somaiya.edu,SML
Dr. Kavita Agarwal,kavita.agarwal@somaiya.edu,KAG
Prof. Rohit Gupta,rohit.gupta@somaiya.edu,RGT
Dr. Nisha Varma,nisha.varma@somaiya.edu,NVM
Prof. Manish Kapoor,manish.kapoor@somaiya.edu,MKP
Dr. Ritu Khanna,ritu.khanna@somaiya.edu,RKH
Prof. Suresh Tiwari,suresh.tiwari@somaiya.edu,STW
Dr. Deepa Menon,deepa.menon@somaiya.edu,DMN
Prof. Amit Verma,amit.verma@somaiya.edu,AVR
Dr. Shilpa Rao,shilpa.rao@somaiya.edu,SRO
Prof. Harsh Chopra,harsh.chopra@somaiya.edu,HCH
Dr. Kiran Bose,kiran.bose@somaiya.edu,KBS
Prof. Varun Reddy,varun.reddy@somaiya.edu,VRD
Dr. Tanvi Mehta,tanvi.mehta@somaiya.edu,TMT
Prof. Gaurav Agarwal,gaurav.agarwal@somaiya.edu,GAG
Dr. Neha Singh,neha.singh@somaiya.edu,NSG
Prof. Rohan Patel,rohan.patel@somaiya.edu,RPT
Dr. Aarti Deshmukh,aarti.deshmukh@somaiya.edu,ADK
Prof. Siddharth Nair,siddharth.nair@somaiya.edu,SNR
Dr. Preeti Iyer,preeti.iyer@somaiya.edu,PIY
Prof. Yash Joshi,yash.joshi@somaiya.edu,YJO
Dr. Pooja Shah,pooja.shah@somaiya.edu,PSH
Prof. Nikhil Kumar,nikhil.kumar@somaiya.edu,NKU
Dr. Anjali Menon,anjali.menon@somaiya.edu,AMN
Prof. Ravi Malhotra,ravi.malhotra@somaiya.edu,RML
Dr. Swati Agarwal,swati.agarwal@somaiya.edu,SAG
Prof. Kunal Gupta,kunal.gupta@somaiya.edu,KGT
Dr. Megha Kapoor,megha.kapoor@somaiya.edu,MKP
Prof. Abhishek Tiwari,abhishek.tiwari@somaiya.edu,ATW
Dr. Aditi Verma,aditi.verma@somaiya.edu,AVM
Prof. Sumit Rao,sumit.rao@somaiya.edu,SRO
Dr. Isha Chopra,isha.chopra@somaiya.edu,ICH
Prof. Aditya Bose,aditya.bose@somaiya.edu,ABS
Dr. Anushka Reddy,anushka.reddy@somaiya.edu,ARX
Prof. Vikas Mehta,vikas.mehta@somaiya.edu,VMT
Dr. Kritika Agarwal,kritika.agarwal@somaiya.edu,KAG
Prof. Dhruv Singh,dhruv.singh@somaiya.edu,DSG
Dr. Manisha Patel,manisha.patel@somaiya.edu,MPX
Prof. Tarun Desai,tarun.desai@somaiya.edu,TDS
Dr. Jyoti Nair,jyoti.nair@somaiya.edu,JNR
Prof. Prateek Iyer,prateek.iyer@somaiya.edu,PIY
Dr. Richa Shah,richa.shah@somaiya.edu,RSH
Prof. Mayur Joshi,mayur.joshi@somaiya.edu,MJO
Dr. Ankita Kumar,ankita.kumar@somaiya.edu,AKU
Prof. Ashish Menon,ashish.menon@somaiya.edu,AMN
Dr. Shweta Malhotra,shweta.malhotra@somaiya.edu,SML
Prof. Bhavesh Agarwal,bhavesh.agarwal@somaiya.edu,BAG
Dr. Komal Gupta,komal.gupta@somaiya.edu,KGT
Prof. Deepak Kapoor,deepak.kapoor@somaiya.edu,DKP
Dr. Vaishali Tiwari,vaishali.tiwari@somaiya.edu,VTW
Prof. Ritesh Verma,ritesh.verma@somaiya.edu,RVM
Dr. Pallavi Rao,pallavi.rao@somaiya.edu,PRO
Prof. Sagar Chopra,sagar.chopra@somaiya.edu,SCH
Dr. Vidya Bose,vidya.bose@somaiya.edu,VBS
Prof. Hemant Reddy,hemant.reddy@somaiya.edu,HRD
Dr. Juhi Mehta,juhi.mehta@somaiya.edu,JMT
Prof. Lalit Agarwal,lalit.agarwal@somaiya.edu,LAG
Dr. Monika Singh,monika.singh@somaiya.edu,MSG
Prof. Nitesh Patel,nitesh.patel@somaiya.edu,NPT
Dr. Ojaswi Desai,ojaswi.desai@somaiya.edu,ODS
Prof. Parag Nair,parag.nair@somaiya.edu,PNR
Dr. Qureshi Iyer,qureshi.iyer@somaiya.edu,QIV
Prof. Raghav Shah,raghav.shah@somaiya.edu,RSX
Dr. Sarika Joshi,sarika.joshi@somaiya.edu,SJO
Prof. Tushar Kumar,tushar.kumar@somaiya.edu,TKU
Dr. Urvashi Menon,urvashi.menon@somaiya.edu,UMN
Prof. Vinit Malhotra,vinit.malhotra@somaiya.edu,VML
Dr. Wahida Agarwal,wahida.agarwal@somaiya.edu,WAG
Prof. Xena Gupta,xena.gupta@somaiya.edu,XGT
Dr. Yashika Kapoor,yashika.kapoor@somaiya.edu,YKP
Prof. Zain Tiwari,zain.tiwari@somaiya.edu,ZTW
Dr. Aakash Verma,aakash.verma@somaiya.edu,AKV
Prof. Bhavna Rao,bhavna.rao@somaiya.edu,BRX
Dr. Chaitanya Chopra,chaitanya.chopra@somaiya.edu,CCH
Prof. Disha Bose,disha.bose@somaiya.edu,DBS
Dr. Eshan Reddy,eshan.reddy@somaiya.edu,ERD
Prof. Farah Mehta,farah.mehta@somaiya.edu,FMT
Dr. Gauri Agarwal,gauri.agarwal@somaiya.edu,GAG
Prof. Harshit Singh,harshit.singh@somaiya.edu,HGS
Dr. Indira Patel,indira.patel@somaiya.edu,IPT
Prof. Jatin Desai,jatin.desai@somaiya.edu,JDS
Dr. Kalpana Nair,kalpana.nair@somaiya.edu,KNR
Prof. Laksh Iyer,laksh.iyer@somaiya.edu,LIY
Dr. Mamta Shah,mamta.shah@somaiya.edu,MSX
Prof. Neeraj Joshi,neeraj.joshi@somaiya.edu,NJO

